INSERT INTO `ecommerce_go_accommodation_facility` VALUES ('03b0bc36-c7b8-4199-b6d1-350c492a5953','1752029235899bd757797-f77d-4f04-875c-18a74facf4f4.svg','Good breakfast',1752029235899,1752029235899),('0e51ca28-6160-4b2f-ba65-4992b1c41cb3','175202941535729a1978e-43ff-477c-b78b-cacc741751e3.svg','Outdoor swimming pool',1752029415358,1752029415358),('4ad19469-c014-487b-8619-86ecdf7d438c','1752029337165c087cc93-a6be-4fd8-b6e7-f178729165b7.svg','Bar',1752029337165,1752029337165),('7f884eb3-04f4-4128-9f71-98e219359773','1752029386974a7edd05d-d50d-4788-b3a4-206b48428cba.svg','Family rooms',1752029386975,1752029386975),('89e931e9-d564-4baf-81bb-3074a2cad442','1752029379590e57036a9-6fc9-4bb6-a43e-e74204df7f34.svg','Fitness centre',1752029379590,1752029379590),('8a1c6d3a-a703-46c5-af44-c53ec8304cde','1752029400840e49fc4bd-4b29-4267-98d0-ec9cf9671c31.svg','Airport shuttle',1752029400840,1752029400840),('94fc37d9-1ca3-400f-9ff5-a84c2aae54d2','17520294077825f01d75d-6765-4e55-9786-441a12dd3f68.svg','Free WiFi',1752029407783,1752029407783),('c47c8d7a-de3a-4512-a8de-2271cb4297b9','1752029357498c55c47db-c79a-424b-801c-06ce1a2eddc8.svg','24-hour front desk',1752029357498,1752029357498),('c94efa87-c5f4-4b44-8e54-69d9afd4fe7c','17520293638874c7ddfef-4bb1-4497-990c-bc35e5f0289a.svg','Private parking',1752029363887,1752029363887),('dc1a908a-2424-4d44-9ee9-3cadef320227','17520293704905f7f2347-fc54-4231-bd1f-9a28f4ea69a2.svg','Non-smoking rooms',1752029370490,1752029370490);

INSERT INTO `ecommerce_go_user_admin` VALUES ('61e6412c-9949-4a69-8ec8-880be48fd7a7','tuan.admin@gmail.com','','$2a$10$thVH4DJR5IQ/Y.8ShKGEdOSa1vRpV1nMGA77mNTcoelzBmT0dVAmu',1752029208575,0,'',0,1752028892626,1752028892626);

INSERT INTO `ecommerce_go_user_manager` VALUES ('36487130-3dd3-477e-a04e-9100bbc5143e','tuan.manager@gmail.com','Thân Tuấn','$2a$10$8UosYo8nbwZd.rLMkvUmC.GsjqZhhMaUMM3vdrTo3tdU8u5GdQLOy',1752029440983,0,'',0,1752028989121,1752028989121);

INSERT INTO `ecommerce_go_accommodation` VALUES ('b3775fd1-7dfa-4150-b404-9534154486a3','36487130-3dd3-477e-a04e-9100bbc5143e','Au Lac Legend Hotel','Việt Nam','thanh-pho-ho-chi-minh','quan-3','90 Nguyễn Thị Minh Khai, Phường 6','<h3><strong>About this property</strong></h3><p>Named after Vietnam’s historical kingdom, Au Lac Legend Hotel offers cosy accommodation in central Ho Chi Minh. Surrounded by famous sites like Notre Dame Cathedral, it has free Wi-Fi and parking.  Au Lac Legend Hotel is a 10-minute walk from Ben Thanh Market and Con Rua Pond. Tan Son Nhat International Airport is a 30-minute drive from the hotel.  Air-conditioned rooms at Au Lac Legend Hotel feature wooden furnishings and private bathrooms with bathtubs. Each comes with a cable/satellite TV and minibar.  Guests can arrange interesting day trips at the tour desk or rent a bicycle to explore the area at leisure. The hotel also provides a business centre and laundry services.  Au Lac Restaurant serves a selection of Vietnamese and international dishes. Set within a small garden, the Coffee Shop provides an ideal setting to relax with a hot cup of coffee and snacks.</p>','[\"03b0bc36-c7b8-4199-b6d1-350c492a5953\", \"0e51ca28-6160-4b2f-ba65-4992b1c41cb3\", \"4ad19469-c014-487b-8619-86ecdf7d438c\", \"7f884eb3-04f4-4128-9f71-98e219359773\", \"89e931e9-d564-4baf-81bb-3074a2cad442\", \"8a1c6d3a-a703-46c5-af44-c53ec8304cde\", \"94fc37d9-1ca3-400f-9ff5-a84c2aae54d2\", \"c47c8d7a-de3a-4512-a8de-2271cb4297b9\", \"c94efa87-c5f4-4b44-8e54-69d9afd4fe7c\", \"dc1a908a-2424-4d44-9ee9-3cadef320227\"]',4,'https://www.google.com/maps/embed?pb=!1m18!1m12!1m3!1d3919.3969427439265!2d106.69337837451728!3d10.780879459112615!2m3!1f0!2f0!3f0!3m2!1i1024!2i768!4f13.1!3m3!1m2!1s0x31752f371db03a49%3A0x69d3b21063e3a42!2zS0jDgUNIIFPhuqBOIEFVIExBQyBMRUdFTkQ!5e0!3m2!1svi!2s!4v1752029520810!5m2!1svi!2s','{\"pet\": false, \"check_in\": \"\", \"check_out\": \"\", \"cancellation\": \"\", \"age_restriction\": false, \"refundable_damage_deposit\": 0}',1,0,1752029564139,1752029564139);

INSERT INTO `ecommerce_go_accommodation_image` VALUES ('09054f01-9d5c-4185-be2a-04d324553a53','b3775fd1-7dfa-4150-b404-9534154486a3','17520297061580fc9f97d-92bb-4a98-bcd2-b5ce604c676e.jpg',1752029706254,1752029706254),('16188534-7eec-4665-8a1a-a5c8ffb3c964','b3775fd1-7dfa-4150-b404-9534154486a3','1752029706161175326b7-b8aa-4786-b073-dcc28f75c0a4.jpg',1752029707067,1752029707067),('1e154031-7926-4c3d-b49b-b7beafcf1856','b3775fd1-7dfa-4150-b404-9534154486a3','175202970615737fb5a22-64ce-4e6f-861e-7ab555a38861.jpg',1752029706172,1752029706172),('2095c73d-4c07-44ba-a0d2-b9e57b115d71','b3775fd1-7dfa-4150-b404-9534154486a3','175202970616714239ff0-11f4-4aac-8271-a7c129a2cf7f.jpg',1752029707840,1752029707840),('215c61cc-89fe-4b72-9fd3-c709ab9d7c1a','b3775fd1-7dfa-4150-b404-9534154486a3','17520297061701aa00420-0fb4-4828-ba3a-9ac30e93c040.jpg',1752029708252,1752029708252),('238e47e2-79c6-4724-b4a7-5e5e33120e79','b3775fd1-7dfa-4150-b404-9534154486a3','1752029706168ff9a4713-5a2b-4138-94c7-acebf1265bc4.jpg',1752029707951,1752029707951),('2dc1406a-7f92-409e-9f6c-454339989198','b3775fd1-7dfa-4150-b404-9534154486a3','175202970616978c295af-a072-4f26-b697-4b79c4406321.jpg',1752029708151,1752029708151),('2fc45e3e-f46a-435f-a9d4-656c85484f76','b3775fd1-7dfa-4150-b404-9534154486a3','17520297061643674a4c4-df4b-41d6-9fd8-40a500a47817.jpg',1752029707479,1752029707479),('3329f6be-15b4-4aa8-875e-bc69bf40c084','b3775fd1-7dfa-4150-b404-9534154486a3','17520297061659646d2d5-9b2d-444d-83a5-9457eb916a99.jpg',1752029707639,1752029707639),('41346e1a-dffb-4075-ba1a-57c32ae1b62c','b3775fd1-7dfa-4150-b404-9534154486a3','1752029706169164e00cf-e5f2-4c50-bf6e-4336c39510ce.jpg',1752029708101,1752029708101),('46fd7210-728e-445d-ab31-9f4608add963','b3775fd1-7dfa-4150-b404-9534154486a3','17520297061715c518d02-d67c-49c9-bf7d-14d5e309a08e.jpg',1752029708403,1752029708403),('4ffa6290-71db-4cca-a08a-a11fce03206f','b3775fd1-7dfa-4150-b404-9534154486a3','175202970616515c6b673-ed21-4d56-b639-ae14c1f3b459.jpg',1752029707740,1752029707740),('5c297e30-5bbb-4423-8051-b4bac36b507e','b3775fd1-7dfa-4150-b404-9534154486a3','17520297061634bcc49be-07c9-4855-8fe4-b39ec3528837.jpg',1752029707278,1752029707278),('5e6a7a11-74e3-4c7c-b168-085b66e086c2','b3775fd1-7dfa-4150-b404-9534154486a3','1752029706162c73661fd-0476-41d2-8e44-8c98c34ec379.jpg',1752029707217,1752029707217),('6303c706-1e01-45b1-a40c-29de23accb01','b3775fd1-7dfa-4150-b404-9534154486a3','1752029706157494bbaf1-b34c-4007-987d-daea0fe14359.jpg',1752029706203,1752029706203),('6878e6bf-bf08-46b7-8116-4d5ef4c0adc2','b3775fd1-7dfa-4150-b404-9534154486a3','175202970616159668e26-936e-4594-98c1-fa4905cb98b2.jpg',1752029706967,1752029706967),('6b47718b-3bbe-46d8-a303-b93fd5bac828','b3775fd1-7dfa-4150-b404-9534154486a3','175202970616038b2933c-656d-4337-b43f-0467eeb1a2f8.jpg',1752029706757,1752029706757),('6cf54ce9-5159-4810-941f-680621329c32','b3775fd1-7dfa-4150-b404-9534154486a3','1752029706168de17dfb5-afe2-4864-bf1d-746b781224d6.jpg',1752029708000,1752029708000),('6e739ce5-e196-4dae-856a-555ab8817acf','b3775fd1-7dfa-4150-b404-9534154486a3','17520297061646f0b85eb-0c35-4096-b2c4-591f7f06225a.jpg',1752029707539,1752029707539),('747b01b8-0a31-48d8-9831-90c86445be47','b3775fd1-7dfa-4150-b404-9534154486a3','17520297061607844a74a-0f12-4c8e-b257-de940535ff53.jpg',1752029706655,1752029706655),('81052701-8566-4fcd-ae0f-ca4fc27e55cd','b3775fd1-7dfa-4150-b404-9534154486a3','17520297061700c528d43-cba2-4972-92d5-ed9bb92d47d7.jpg',1752029708202,1752029708202),('8176e2a9-0955-4cc7-bb2a-6985fcd79f31','b3775fd1-7dfa-4150-b404-9534154486a3','1752029706162350cdc8b-7baf-4688-ac38-0fe1ca5b17eb.jpg',1752029707167,1752029707167),('8273d1e6-b066-41b1-b77a-020e67118624','b3775fd1-7dfa-4150-b404-9534154486a3','17520297061640422a84c-4de0-49e6-a0aa-8985f22f6c4c.jpg',1752029707589,1752029707589),('83c0f1c4-7e6d-431d-88d9-679c4844755e','b3775fd1-7dfa-4150-b404-9534154486a3','17520297061618a4672fe-4856-42ab-af59-b7995cca0d72.jpg',1752029706905,1752029706905),('880949e8-75f0-4b6f-9c8c-ff29def89edc','b3775fd1-7dfa-4150-b404-9534154486a3','175202970616850521c22-4ff0-4615-b3a6-37f071cbd427.jpg',1752029708052,1752029708052),('93d5ad0c-6df7-419d-9df2-4de7493fd1dd','b3775fd1-7dfa-4150-b404-9534154486a3','17520297061714a7061c6-be93-42d0-8636-15fcb53dca86.jpg',1752029708353,1752029708353),('95728410-a06b-4436-b1bd-26f1ff9215ab','b3775fd1-7dfa-4150-b404-9534154486a3','1752029706158dbdb9aac-eeec-496e-b897-9c873883a98d.jpg',1752029706354,1752029706354),('981c7362-7ae6-462b-aa80-91647b1facee','b3775fd1-7dfa-4150-b404-9534154486a3','1752029706165a997dd42-dde3-446d-b866-57c9afa4217a.jpg',1752029707689,1752029707689),('a3cef5a8-9634-4b1e-b90b-3361fcbb0125','b3775fd1-7dfa-4150-b404-9534154486a3','1752029706163aa3be293-cce5-4e41-a540-44114c67161b.jpg',1752029707329,1752029707329),('a552c571-082b-4711-9903-6367b888f3a3','b3775fd1-7dfa-4150-b404-9534154486a3','175202970616101c74373-effc-4145-81f1-20f4c8d5baa2.jpg',1752029706855,1752029706855),('ae9819f0-8855-4999-a68a-47c73f38a669','b3775fd1-7dfa-4150-b404-9534154486a3','1752029706159a4a1db8b-49c9-4b8f-b6e4-d7ee79b0cc16.jpg',1752029706504,1752029706504),('b293aa18-146a-4d0e-851e-f6cbcbbbf32f','b3775fd1-7dfa-4150-b404-9534154486a3','1752029706158e944d1c6-94c7-4f13-82a1-30f017855b3d.jpg',1752029706304,1752029706304),('bc97e0b3-c3f5-494b-be78-5240bec493be','b3775fd1-7dfa-4150-b404-9534154486a3','1752029706159242b255a-a86d-4fc8-b7c3-fae5f4467306.jpg',1752029706554,1752029706554),('c1ab4051-bae9-4128-b4bb-28a424440c7f','b3775fd1-7dfa-4150-b404-9534154486a3','17520297061590c6a2f3e-58f0-4b3f-9f20-40450eba605b.jpg',1752029706454,1752029706454),('c33bd1f7-3079-4389-91dc-36087cdad88f','b3775fd1-7dfa-4150-b404-9534154486a3','17520297061593953627d-eb6c-4991-9b84-70f799ddcbc2.jpg',1752029706605,1752029706605),('cb407b94-729d-4e92-bd6a-48d199ec05db','b3775fd1-7dfa-4150-b404-9534154486a3','17520297061687c8da232-8bfa-4e43-a762-b510495a3e7b.jpg',1752029707890,1752029707890),('cffde5a8-b00b-4c1b-9df2-e75cc143eb85','b3775fd1-7dfa-4150-b404-9534154486a3','1752029706171957a1199-7446-494d-923f-bbe596b5f364.jpg',1752029708302,1752029708302),('d19fabb6-11c7-446c-9037-002ec87239ec','b3775fd1-7dfa-4150-b404-9534154486a3','17520297061619c31e8e6-6790-4a7e-b08f-777b1ecc398a.jpg',1752029707016,1752029707016),('d6031eb9-df97-4e7d-96a8-a10ba02b2e4b','b3775fd1-7dfa-4150-b404-9534154486a3','175202970616295827d6b-3ae4-477b-90a2-5650b18d3ea9.jpg',1752029707117,1752029707117),('e42d7dd7-22e0-4359-8cc2-649b76624f5b','b3775fd1-7dfa-4150-b404-9534154486a3','17520297061663ce6495d-aa6b-4c29-aa20-2bcdaa10963d.jpg',1752029707790,1752029707790),('f047d78c-9995-4e42-a80a-be3053a73672','b3775fd1-7dfa-4150-b404-9534154486a3','1752029706160d0496570-f60c-402e-a1d5-845e1aba0da6.jpg',1752029706807,1752029706807),('f1c817fd-5c2f-411e-a3e6-8b4c814fd44d','b3775fd1-7dfa-4150-b404-9534154486a3','1752029706163f670d5af-2db5-44be-84d3-d8d4f146e993.jpg',1752029707378,1752029707378),('f59c2eb2-81d2-4c00-95aa-4050690cbc1c','b3775fd1-7dfa-4150-b404-9534154486a3','17520297061586666cb33-18f0-4189-a39a-877758da4473.jpg',1752029706404,1752029706404),('f83a5f5f-8e3a-4293-a99e-27b4bc413c14','b3775fd1-7dfa-4150-b404-9534154486a3','17520297061642f05c1d6-c121-4c08-89a2-81edb3e12668.jpg',1752029707428,1752029707428),('ff83f512-24a2-45bb-b690-63a0e74c2376','b3775fd1-7dfa-4150-b404-9534154486a3','1752029706160d477a7f8-1fe0-4340-8ae1-932c7658003b.jpg',1752029706705,1752029706705);

INSERT INTO `ecommerce_go_accommodation_detail` VALUES ('1c58a086-5b03-422c-84c6-ca8d1b256985','b3775fd1-7dfa-4150-b404-9534154486a3','Suite Double or Twin Room with City View + Afternoon Tea On Rooftop',2,'{\"double_bed\": 0, \"single_bed\": 1, \"large_double_bed\": 0, \"extra_large_double_bed\": 1}','[\"00b5d02a-a70a-4824-9a50-ac9d83151851\", \"0a824a92-c628-473f-8a4a-27f747e1f098\", \"1a9ee3f4-363b-404c-b6fb-6d4e4fc74be1\", \"1afe5345-3299-497a-b780-924a72d6e3bb\", \"1bbea601-2f40-4440-983f-6df5c05b5263\", \"24dd0dae-2352-4dca-8290-4ab69abe054b\", \"431b50fa-44bc-4a98-a4cb-648ab6d16a33\", \"4c9b23b8-e731-4e58-b9db-c3d5808ea991\", \"559ca0ba-f925-4a72-87a6-4cb1a0256631\", \"603245aa-ef85-4084-86cd-c3b23237b855\", \"6651541a-e525-4527-a7b5-e53dde34d4ba\", \"665b8645-7957-4859-b201-87a4dbf0fd24\", \"6d050cfa-8a81-48cb-b82f-c87d3dea9bd1\", \"743090a8-9bb7-458e-9018-758dc2ec8def\", \"85a1cae8-c9fe-4873-b70a-5be04998c3c7\", \"8a439c41-976c-4259-bca1-60eb28ddebd5\", \"912139fb-a70f-4e9f-919d-a8d638e21327\", \"94fbe924-5d1d-4f3a-804a-16befa83eafa\", \"95b23d94-bcf7-469d-af72-eb5275a99e82\", \"9bfe7f2d-5671-4e58-b70a-e7ba20bfffec\", \"9e5ec528-069d-4c40-8ef4-d7d5e59504d1\", \"a06dab37-5a27-4c75-8b7c-1c2b410b6b82\", \"a86f5d2c-d1fa-4b09-991c-b6475bcbffd8\", \"b047d902-06bf-4c43-a2d5-307af46d6e98\", \"b108ca70-f35d-4cc1-a7eb-5d1725edffa8\", \"b4aa49ae-3cdd-47b5-ac54-a6049c6b1a51\", \"b8ae01f8-a7f5-4922-bd79-1d1260b68711\", \"b934c979-bbfc-4d79-8372-55c9c3ed5971\", \"c370d178-0746-4c89-93dd-1f04f43c3968\", \"c7536f3d-557a-4a72-ae01-d65d2f28a807\", \"c768b22e-6538-4f7a-ab39-79eff6fc7418\", \"dcaed43a-e411-420d-8eae-a1566b606726\", \"de20d9fb-6abd-4859-a5fe-435842364f86\"]',1000000,NULL,0,0,1752029948745,1752029948745),('3f10c46b-221a-4ebd-8ba8-aaf7b3f1b970','b3775fd1-7dfa-4150-b404-9534154486a3','Family Suite + Afternoon Tea On Rooftop',4,'{\"double_bed\": 0, \"single_bed\": 0, \"large_double_bed\": 2, \"extra_large_double_bed\": 0}','[\"00b5d02a-a70a-4824-9a50-ac9d83151851\", \"1afe5345-3299-497a-b780-924a72d6e3bb\", \"1bbea601-2f40-4440-983f-6df5c05b5263\", \"431b50fa-44bc-4a98-a4cb-648ab6d16a33\", \"4c9b23b8-e731-4e58-b9db-c3d5808ea991\", \"559ca0ba-f925-4a72-87a6-4cb1a0256631\", \"603245aa-ef85-4084-86cd-c3b23237b855\", \"6651541a-e525-4527-a7b5-e53dde34d4ba\", \"6d050cfa-8a81-48cb-b82f-c87d3dea9bd1\", \"85a1cae8-c9fe-4873-b70a-5be04998c3c7\", \"8a439c41-976c-4259-bca1-60eb28ddebd5\", \"912139fb-a70f-4e9f-919d-a8d638e21327\", \"94fbe924-5d1d-4f3a-804a-16befa83eafa\", \"9bfe7f2d-5671-4e58-b70a-e7ba20bfffec\", \"9e5ec528-069d-4c40-8ef4-d7d5e59504d1\", \"a86f5d2c-d1fa-4b09-991c-b6475bcbffd8\", \"b047d902-06bf-4c43-a2d5-307af46d6e98\", \"b108ca70-f35d-4cc1-a7eb-5d1725edffa8\", \"b934c979-bbfc-4d79-8372-55c9c3ed5971\", \"c768b22e-6538-4f7a-ab39-79eff6fc7418\", \"dcaed43a-e411-420d-8eae-a1566b606726\", \"de20d9fb-6abd-4859-a5fe-435842364f86\"]',1500000,NULL,0,0,1752031963245,1752031963245),('48f44ddb-4a85-45c5-8e22-86f02e596600','b3775fd1-7dfa-4150-b404-9534154486a3','Executive Twin Room with City View + Afternoon Tea On Rooftop',3,'{\"double_bed\": 0, \"single_bed\": 1, \"large_double_bed\": 1, \"extra_large_double_bed\": 0}','[\"00b5d02a-a70a-4824-9a50-ac9d83151851\", \"1afe5345-3299-497a-b780-924a72d6e3bb\", \"1bbea601-2f40-4440-983f-6df5c05b5263\", \"431b50fa-44bc-4a98-a4cb-648ab6d16a33\", \"4c9b23b8-e731-4e58-b9db-c3d5808ea991\", \"559ca0ba-f925-4a72-87a6-4cb1a0256631\", \"603245aa-ef85-4084-86cd-c3b23237b855\", \"6651541a-e525-4527-a7b5-e53dde34d4ba\", \"665b8645-7957-4859-b201-87a4dbf0fd24\", \"6d050cfa-8a81-48cb-b82f-c87d3dea9bd1\", \"85a1cae8-c9fe-4873-b70a-5be04998c3c7\", \"8a439c41-976c-4259-bca1-60eb28ddebd5\", \"912139fb-a70f-4e9f-919d-a8d638e21327\", \"94fbe924-5d1d-4f3a-804a-16befa83eafa\", \"9bfe7f2d-5671-4e58-b70a-e7ba20bfffec\", \"9e5ec528-069d-4c40-8ef4-d7d5e59504d1\", \"a86f5d2c-d1fa-4b09-991c-b6475bcbffd8\", \"b047d902-06bf-4c43-a2d5-307af46d6e98\", \"b108ca70-f35d-4cc1-a7eb-5d1725edffa8\", \"b934c979-bbfc-4d79-8372-55c9c3ed5971\", \"c370d178-0746-4c89-93dd-1f04f43c3968\", \"c768b22e-6538-4f7a-ab39-79eff6fc7418\", \"dcaed43a-e411-420d-8eae-a1566b606726\", \"de20d9fb-6abd-4859-a5fe-435842364f86\"]',1200000,NULL,0,0,1752030364768,1752030401848),('a289fd8d-d1ae-4270-9763-b15ea9ae6468','b3775fd1-7dfa-4150-b404-9534154486a3','Superior Double Room (No Window) + Afternoon Tea On Rooftop',2,'{\"double_bed\": 0, \"single_bed\": 0, \"large_double_bed\": 1, \"extra_large_double_bed\": 0}','[\"00b5d02a-a70a-4824-9a50-ac9d83151851\", \"1afe5345-3299-497a-b780-924a72d6e3bb\", \"1bbea601-2f40-4440-983f-6df5c05b5263\", \"431b50fa-44bc-4a98-a4cb-648ab6d16a33\", \"4c9b23b8-e731-4e58-b9db-c3d5808ea991\", \"559ca0ba-f925-4a72-87a6-4cb1a0256631\", \"603245aa-ef85-4084-86cd-c3b23237b855\", \"6651541a-e525-4527-a7b5-e53dde34d4ba\", \"6d050cfa-8a81-48cb-b82f-c87d3dea9bd1\", \"85a1cae8-c9fe-4873-b70a-5be04998c3c7\", \"8a439c41-976c-4259-bca1-60eb28ddebd5\", \"912139fb-a70f-4e9f-919d-a8d638e21327\", \"94fbe924-5d1d-4f3a-804a-16befa83eafa\", \"9bfe7f2d-5671-4e58-b70a-e7ba20bfffec\", \"9e5ec528-069d-4c40-8ef4-d7d5e59504d1\", \"a86f5d2c-d1fa-4b09-991c-b6475bcbffd8\", \"b047d902-06bf-4c43-a2d5-307af46d6e98\", \"b108ca70-f35d-4cc1-a7eb-5d1725edffa8\", \"b8ae01f8-a7f5-4922-bd79-1d1260b68711\", \"b934c979-bbfc-4d79-8372-55c9c3ed5971\", \"c370d178-0746-4c89-93dd-1f04f43c3968\", \"c768b22e-6538-4f7a-ab39-79eff6fc7418\", \"dcaed43a-e411-420d-8eae-a1566b606726\", \"de20d9fb-6abd-4859-a5fe-435842364f86\"]',750000,NULL,0,0,1752032337908,1752032337908),('d7b4d002-9e2b-451d-a4bb-3a6a256d7864','b3775fd1-7dfa-4150-b404-9534154486a3','Deluxe Double Room + Afternoon Tea On Rooftop',2,'{\"double_bed\": 0, \"single_bed\": 0, \"large_double_bed\": 1, \"extra_large_double_bed\": 0}','[\"00b5d02a-a70a-4824-9a50-ac9d83151851\", \"1afe5345-3299-497a-b780-924a72d6e3bb\", \"1bbea601-2f40-4440-983f-6df5c05b5263\", \"431b50fa-44bc-4a98-a4cb-648ab6d16a33\", \"4c9b23b8-e731-4e58-b9db-c3d5808ea991\", \"559ca0ba-f925-4a72-87a6-4cb1a0256631\", \"603245aa-ef85-4084-86cd-c3b23237b855\", \"6651541a-e525-4527-a7b5-e53dde34d4ba\", \"6d050cfa-8a81-48cb-b82f-c87d3dea9bd1\", \"85a1cae8-c9fe-4873-b70a-5be04998c3c7\", \"8a439c41-976c-4259-bca1-60eb28ddebd5\", \"912139fb-a70f-4e9f-919d-a8d638e21327\", \"9bfe7f2d-5671-4e58-b70a-e7ba20bfffec\", \"9e5ec528-069d-4c40-8ef4-d7d5e59504d1\", \"a86f5d2c-d1fa-4b09-991c-b6475bcbffd8\", \"b047d902-06bf-4c43-a2d5-307af46d6e98\", \"b108ca70-f35d-4cc1-a7eb-5d1725edffa8\", \"b934c979-bbfc-4d79-8372-55c9c3ed5971\", \"c370d178-0746-4c89-93dd-1f04f43c3968\", \"c768b22e-6538-4f7a-ab39-79eff6fc7418\", \"dcaed43a-e411-420d-8eae-a1566b606726\", \"de20d9fb-6abd-4859-a5fe-435842364f86\"]',900000,NULL,0,0,1752030694364,1752030694364);

INSERT INTO `ecommerce_go_accommodation_detail_facility` VALUES ('00b5d02a-a70a-4824-9a50-ac9d83151851','Hardwood or parquet floors',1752029817490,1752029817490),('0a824a92-c628-473f-8a4a-27f747e1f098','Ironing facilities',1752029855851,1752029855851),('1a9ee3f4-363b-404c-b6fb-6d4e4fc74be1','Iron',1752029858800,1752029858800),('1afe5345-3299-497a-b780-924a72d6e3bb','Electric kettle',1752029878134,1752029878134),('1bbea601-2f40-4440-983f-6df5c05b5263','Telephone',1752029852090,1752029852090),('24dd0dae-2352-4dca-8290-4ab69abe054b','Dining area',1752029891211,1752029891211),('431b50fa-44bc-4a98-a4cb-648ab6d16a33','Clothes rack',1752029899952,1752029899952),('4c9b23b8-e731-4e58-b9db-c3d5808ea991','Tile/marble floor',1752029832355,1752029832355),('559ca0ba-f925-4a72-87a6-4cb1a0256631','Minibar',1752029869803,1752029869803),('603245aa-ef85-4084-86cd-c3b23237b855','Desk',1752029834884,1752029834884),('6651541a-e525-4527-a7b5-e53dde34d4ba','Wake up service/Alarm clock',1752029872473,1752029872473),('665b8645-7957-4859-b201-87a4dbf0fd24','Sofa',1752029812203,1752029812203),('6d050cfa-8a81-48cb-b82f-c87d3dea9bd1','Socket near the bed',1752029825633,1752029825633),('743090a8-9bb7-458e-9018-758dc2ec8def','Pants press',1752029843652,1752029843652),('85a1cae8-c9fe-4873-b70a-5be04998c3c7','Safety deposit box',1752029799326,1752029799326),('8a439c41-976c-4259-bca1-60eb28ddebd5','Hand sanitiser',1752029907139,1752029907139),('912139fb-a70f-4e9f-919d-a8d638e21327','Flat-screen TV',1752029861913,1752029861913),('94fbe924-5d1d-4f3a-804a-16befa83eafa','Linen',1752029820784,1752029820784),('95b23d94-bcf7-469d-af72-eb5275a99e82','Streaming service (like Netflix)',1752029808296,1752029808296),('9bfe7f2d-5671-4e58-b70a-e7ba20bfffec','TV',1752029846213,1752029846213),('9e5ec528-069d-4c40-8ef4-d7d5e59504d1','Wake-up service',1752029883794,1752029883794),('a06dab37-5a27-4c75-8b7c-1c2b410b6b82','Dining table',1752029893968,1752029893968),('a86f5d2c-d1fa-4b09-991c-b6475bcbffd8','Single-room air conditioning for guest accommodation',1752029904065,1752029904065),('b047d902-06bf-4c43-a2d5-307af46d6e98','Refrigerator',1752029849038,1752029849038),('b108ca70-f35d-4cc1-a7eb-5d1725edffa8','Wardrobe or closet',1752029887151,1752029887151),('b4aa49ae-3cdd-47b5-ac54-a6049c6b1a51','Carpeted',1752029875332,1752029875332),('b8ae01f8-a7f5-4922-bd79-1d1260b68711','Extra long beds (> 2 metres)',1752029864870,1752029864870),('b934c979-bbfc-4d79-8372-55c9c3ed5971','Cleaning products',1752029829365,1752029829365),('c370d178-0746-4c89-93dd-1f04f43c3968','Soundproofing',1752029840834,1752029840834),('c7536f3d-557a-4a72-ae01-d65d2f28a807','Seating Area',1752029837814,1752029837814),('c768b22e-6538-4f7a-ab39-79eff6fc7418','Upper floors accessible by elevator',1752029897139,1752029897139),('dcaed43a-e411-420d-8eae-a1566b606726','Cable channels',1752029881100,1752029881100),('de20d9fb-6abd-4859-a5fe-435842364f86','Air conditioning',1752029794684,1752029794684),('e3eb586e-c894-410d-b5c1-55beae4fd34c','Interconnected room(s) available',1752032002384,1752032002384);

INSERT INTO `ecommerce_go_accommodation_detail_image` VALUES ('09c8994b-54d1-4c21-ac3c-0587bcf60292','d7b4d002-9e2b-451d-a4bb-3a6a256d7864','1752032158718d9c6dd0a-d9f5-47a8-b58a-ddcceebbcdc9.jpg',1752032159082,1752032159082),('182aac90-5c7c-4228-b834-0921297c1800','48f44ddb-4a85-45c5-8e22-86f02e596600','1752030541585faa10eb6-de0f-438f-902b-5231afa22b7f.jpg',1752030541588,1752030541588),('2059a073-6796-437f-98d2-7a389eaf348c','d7b4d002-9e2b-451d-a4bb-3a6a256d7864','1752032158718f1624552-f7c9-401d-85d7-a65ef1bf950b.jpg',1752032158922,1752032158922),('2763883f-cd47-4d61-8737-3100fefca22b','1c58a086-5b03-422c-84c6-ca8d1b256985','175203003266394e655e7-f0e4-49a2-8c0d-20ec398fde57.jpg',1752030033164,1752030033164),('282bbfa8-3c07-463d-990b-08bad06f55b0','1c58a086-5b03-422c-84c6-ca8d1b256985','1752030032662952b5756-8687-4722-a218-0e98a5a156b7.jpg',1752030032963,1752030032963),('33638c96-6fbc-4e50-9540-bf50431ef650','3f10c46b-221a-4ebd-8ba8-aaf7b3f1b970','175203220592210fbc797-a697-4264-8ec3-b1c42aaed732.jpg',1752032206022,1752032206022),('3446b4cb-cc6e-47fb-8847-d340a65920b0','1c58a086-5b03-422c-84c6-ca8d1b256985','17520300326626a67b190-62cd-4b8e-967a-2e0c065d028b.jpg',1752030033064,1752030033064),('36890db1-1b96-4618-a19a-f8e3f46df3a2','a289fd8d-d1ae-4270-9763-b15ea9ae6468','175203237506017794690-6e0a-427f-82d8-61b112697b4b.jpg',1752032375110,1752032375110),('41553a9e-f619-4d9b-8625-6aee7fe7c722','48f44ddb-4a85-45c5-8e22-86f02e596600','17520305415878ddabf6e-17eb-4754-b93a-9ac202f33618.jpg',1752030541883,1752030541883),('42bd4386-29b1-4939-91f7-3fbb98a29fb5','d7b4d002-9e2b-451d-a4bb-3a6a256d7864','1752032158717756d04e9-4939-494a-9fce-22de15c66888.jpg',1752032158822,1752032158822),('46d9e55b-3534-40a9-b55d-b692c2d597e9','3f10c46b-221a-4ebd-8ba8-aaf7b3f1b970','1752032205922e34f72e9-fe5b-4d27-b6de-dc1f4221aac7.jpg',1752032206073,1752032206073),('51484ce7-fa4d-4845-9ef0-22e89455677c','48f44ddb-4a85-45c5-8e22-86f02e596600','1752030541587b47ffdc8-fa3c-44ba-8fde-242c05662176.jpg',1752030541983,1752030541983),('51d75f96-30e0-4670-ae2a-5846f16880b7','1c58a086-5b03-422c-84c6-ca8d1b256985','1752030032660cc89b985-dd54-47c5-8175-391a168d87db.jpg',1752030032713,1752030032713),('69fe6e55-579b-499d-a4bf-366f6e7acc06','a289fd8d-d1ae-4270-9763-b15ea9ae6468','1752032375062661047fd-344a-4841-8786-2aa2f8382f20.jpg',1752032375210,1752032375210),('6df76154-f3af-45ae-b10a-67b68aeab345','1c58a086-5b03-422c-84c6-ca8d1b256985','1752030032662812d5801-2893-42a3-a69b-5c1c1b8e7507.jpg',1752030033013,1752030033013),('6e5dd091-b76f-4613-979a-5779ef51bf7c','1c58a086-5b03-422c-84c6-ca8d1b256985','1752030032662b190960d-8c9d-4942-b2c1-ba39b9024dc3.jpg',1752030032863,1752030032863),('6e78bab4-72aa-4b22-9232-e7ddef8e7b53','48f44ddb-4a85-45c5-8e22-86f02e596600','175203054158553be551c-4480-42dd-868e-f1c51386a677.jpg',1752030541634,1752030541634),('6edb8ac7-2731-4373-ac75-dee84785d694','48f44ddb-4a85-45c5-8e22-86f02e596600','1752030541588c476bf2a-0588-4a40-9211-f5b332f640bf.jpg',1752030542033,1752030542033),('7c7be089-56d0-45f3-991d-5a96762dbcad','48f44ddb-4a85-45c5-8e22-86f02e596600','175203054158715344fa1-4520-41f3-85b8-5934e75225e6.jpg',1752030541933,1752030541933),('81798f5b-0d10-4a2a-8d8c-14538e77fda8','1c58a086-5b03-422c-84c6-ca8d1b256985','17520300326615e430109-102a-4a11-ba07-f3b7d64ca277.jpg',1752030032813,1752030032813),('89be8b5a-53f1-4aea-a004-90785344e222','48f44ddb-4a85-45c5-8e22-86f02e596600','175203054158656511cad-5b18-4f48-a6a4-dd167b2082d1.jpg',1752030541733,1752030541733),('965a81a0-c2ec-4410-8949-7d809ceb1800','48f44ddb-4a85-45c5-8e22-86f02e596600','1752030541587d8b36b46-2260-4dba-b282-6d1452bd36b2.jpg',1752030541833,1752030541833),('9ad578a4-f632-435e-a969-4815050502aa','d7b4d002-9e2b-451d-a4bb-3a6a256d7864','1752032158717446b91e4-ba9b-4811-b579-ba72d14427cd.jpg',1752032158872,1752032158872),('9ba27373-c804-4d9f-ba3f-00643cb61b89','a289fd8d-d1ae-4270-9763-b15ea9ae6468','1752032375061faf75c2e-6d8e-4043-ab5f-9fd31bdc7108.jpg',1752032375160,1752032375160),('9c3bad42-a98b-435b-b4d9-f65bb7fb79ad','1c58a086-5b03-422c-84c6-ca8d1b256985','17520300326613662c720-103c-4192-858c-f8b21f04db2e.jpg',1752030032764,1752030032764),('a276779f-ee7b-4e6d-bafd-5cb9e7bce1af','48f44ddb-4a85-45c5-8e22-86f02e596600','175203054158724942cc8-5ec0-4723-b9fc-407a8a71b5e9.jpg',1752030541783,1752030541783),('aaad55c6-b314-448d-a965-1ef2f2601e43','a289fd8d-d1ae-4270-9763-b15ea9ae6468','1752032375062361633bd-a79e-46e8-b01b-afcee3fbc187.jpg',1752032375270,1752032375270),('b66ce950-22cb-44bc-b3e2-a4e802ec4537','1c58a086-5b03-422c-84c6-ca8d1b256985','17520300326629cbcdf4a-35a8-47a2-94da-9627af31315b.jpg',1752030032914,1752030032914),('b78ddc5d-3b20-4930-a1a4-122c137157aa','a289fd8d-d1ae-4270-9763-b15ea9ae6468','17520323750601ab09d5f-1463-4386-a180-b0364a704679.jpg',1752032375062,1752032375062),('ba4cbbd3-d319-4bf5-9ad8-305716a01965','d7b4d002-9e2b-451d-a4bb-3a6a256d7864','175203215871839f15d0b-80e8-462c-84d3-da2cc8338c06.jpg',1752032158972,1752032158972),('bbec546c-3ec2-48b0-afd3-0449e0d7b1c9','d7b4d002-9e2b-451d-a4bb-3a6a256d7864','1752032158718687ec626-ebc6-4a24-9b0c-c49b155727c6.jpg',1752032159022,1752032159022),('d29300c2-adee-489f-bbb4-8aa209b70f9b','3f10c46b-221a-4ebd-8ba8-aaf7b3f1b970','1752032205923e16ac822-9259-45a1-9113-9274dcc61904.jpg',1752032206333,1752032206333),('d4698775-7b57-4317-bdfd-dcb09c57dbf2','1c58a086-5b03-422c-84c6-ca8d1b256985','1752030032660479e68c1-0c34-42e6-aa10-4394c4c5ac94.jpg',1752030032663,1752030032663),('d61c3860-8e13-481f-a75a-fa4bfa3af484','1c58a086-5b03-422c-84c6-ca8d1b256985','17520300326621adcb86b-02c6-4499-9ed5-2f46deddb075.jpg',1752030033113,1752030033113),('da729fcf-c543-46b0-bb2e-e05f6a3852f1','48f44ddb-4a85-45c5-8e22-86f02e596600','17520305415860824464e-42a3-4a23-9914-2f29252741e0.jpg',1752030541683,1752030541683),('dba7360b-d1f4-40ea-89cd-d7f07f9410a7','3f10c46b-221a-4ebd-8ba8-aaf7b3f1b970','1752032205920b84088f3-625a-4e20-b5c7-fef32b040841.jpg',1752032205924,1752032205924),('dd51e29c-6f3b-4349-a269-951bf5bc0a67','d7b4d002-9e2b-451d-a4bb-3a6a256d7864','175203215871645cdb779-56a5-44c3-a127-f4a3d8c93a30.jpg',1752032158718,1752032158718),('ec473f72-d4cb-48cf-83b8-3922e65b2117','3f10c46b-221a-4ebd-8ba8-aaf7b3f1b970','17520322059235961e301-210f-4a11-8b04-550128f0d9f0.jpg',1752032206283,1752032206283),('ecf23b26-37bc-4b26-9d31-b431419ec313','d7b4d002-9e2b-451d-a4bb-3a6a256d7864','1752032158717536dc2a4-0c7b-448e-85e2-9fafb23932db.jpg',1752032158772,1752032158772),('ee5eccb7-0b0f-47dd-9236-dc73515117c2','3f10c46b-221a-4ebd-8ba8-aaf7b3f1b970','17520322059220ea72ebf-2c99-47bb-8e3e-ed2f1b76c0bd.jpg',1752032206123,1752032206123),('ee87a2f8-dcef-4d5d-a961-6cb85453cfbf','3f10c46b-221a-4ebd-8ba8-aaf7b3f1b970','1752032205923ffef3e6b-b143-4041-aa91-421726a83138.jpg',1752032206183,1752032206183),('fbe48426-8757-4f8b-85ec-d2d04ce795f1','3f10c46b-221a-4ebd-8ba8-aaf7b3f1b970','1752032205923b9751ac8-9608-466c-8dab-5d28d9ba83c5.jpg',1752032206234,1752032206234),('fe07c8d1-4b0c-4687-8bb5-20b680a5ea86','3f10c46b-221a-4ebd-8ba8-aaf7b3f1b970','17520322059227500a181-a00f-4cc0-9a4d-4d7b7eac334f.jpg',1752032205972,1752032205972);

